gbifID	datasetKey	occurrenceID	kingdom	phylum	class	order	family	genus	species	infraspecificEpithet	taxonRank	scientificName	verbatimScientificName	verbatimScientificNameAuthorship	countryCode	locality	stateProvince	occurrenceStatus	individualCount	publishingOrgKey	decimalLatitude	decimalLongitude	coordinateUncertaintyInMeters	coordinatePrecision	elevation	elevationAccuracy	depth	depthAccuracy	eventDate	day	month	year	taxonKey	speciesKey	basisOfRecord	institutionCode	collectionCode	catalogNumber	recordNumber	identifiedBy	dateIdentified	license	rightsHolder	recordedBy	typeStatus	establishmentMeans	lastInterpreted	mediaType	issue
3399127733	50c9509d-22c7-4a22-a47d-8c48425ef4a7	https://www.inaturalist.org/observations/89254387	Bacteria	Proteobacteria	Gammaproteobacteria	Enterobacterales	Enterobacteriaceae	Lonsdalea	Lonsdalea quercina		SPECIES	Lonsdalea quercina D	Lonsdalea quercina		US		California	PRESENT		28eb1a3f-1c15-4a95-931a-4af90ecb574d	37.549256	-122.322269							2021-07-30T13:30:00	30	7	2021	7616133	7616133	HUMAN_OBSERVATION	iNaturalist	Observations	89254387		Leslie Flint	2021-07-30T23:00:54	CC_BY_NC_4_0	Leslie Flint	Leslie Flint			2021-11-06T01:48:19.706Z	StillImage	COORDINATE_ROUNDED
3398711790	50c9509d-22c7-4a22-a47d-8c48425ef4a7	https://www.inaturalist.org/observations/94404337	Bacteria	Proteobacteria	Gammaproteobacteria	Enterobacterales	Enterobacteriaceae	Lonsdalea	Lonsdalea quercina		SPECIES	Lonsdalea quercina D	Lonsdalea quercina		US		California	PRESENT		28eb1a3f-1c15-4a95-931a-4af90ecb574d	37.323572	-122.162981	948.0						2021-09-10T09:07:00	10	9	2021	7616133	7616133	HUMAN_OBSERVATION	iNaturalist	Observations	94404337		Robin Gwen Agarwal	2021-09-11T04:53:10	CC_BY_NC_4_0	Robin Gwen Agarwal	Robin Gwen Agarwal			2021-11-06T00:31:03.441Z	StillImage	COORDINATE_ROUNDED
3391631301	50c9509d-22c7-4a22-a47d-8c48425ef4a7	https://www.inaturalist.org/observations/98246710	Bacteria	Proteobacteria	Gammaproteobacteria	Enterobacterales	Enterobacteriaceae	Lonsdalea	Lonsdalea quercina		SPECIES	Lonsdalea quercina D	Lonsdalea quercina		US		California	PRESENT		28eb1a3f-1c15-4a95-931a-4af90ecb574d	37.238547	-122.069077							2021-10-14T11:06:00	14	10	2021	7616133	7616133	HUMAN_OBSERVATION	iNaturalist	Observations	98246710		jellyfishww	2021-10-15T00:52:17	CC_BY_NC_4_0	jellyfishww	jellyfishww			2021-11-06T01:18:41.490Z	StillImage	COORDINATE_ROUNDED
3349366980	393b8c26-e4e0-4dd0-a218-93fc074ebf4e	LUSX01000000	Bacteria	Proteobacteria	Gammaproteobacteria	Enterobacterales	Enterobacteriaceae	Lonsdalea	Lonsdalea populi		SPECIES	Lonsdalea populi	Lonsdalea populi		CN			PRESENT		ada9d123-ddb4-467d-8891-806ea8d94230									2011-08-13T00:00:00	13	8	2011	10807212	10807212	MATERIAL_SAMPLE							CC_BY_4_0					2021-09-23T14:51:31.571Z		
3349366979	393b8c26-e4e0-4dd0-a218-93fc074ebf4e	LUST01000000	Bacteria	Proteobacteria	Gammaproteobacteria	Enterobacterales	Enterobacteriaceae	Lonsdalea	Lonsdalea populi		SPECIES	Lonsdalea populi	Lonsdalea populi		CN			PRESENT		ada9d123-ddb4-467d-8891-806ea8d94230									2014-08-13T00:00:00	13	8	2014	10807212	10807212	MATERIAL_SAMPLE							CC_BY_4_0					2021-09-23T14:51:31.570Z		
3349357866	393b8c26-e4e0-4dd0-a218-93fc074ebf4e	LUTN01000000	Bacteria	Proteobacteria	Gammaproteobacteria	Enterobacterales	Enterobacteriaceae	Lonsdalea	Lonsdalea britannica		SPECIES	Lonsdalea britannica	Lonsdalea britannica		GB			PRESENT		ada9d123-ddb4-467d-8891-806ea8d94230									2010-08-13T00:00:00	13	8	2010	10816695	10816695	MATERIAL_SAMPLE							CC_BY_4_0					2021-09-23T14:51:31.250Z		
3349357865	393b8c26-e4e0-4dd0-a218-93fc074ebf4e	LUTJ01000000	Bacteria	Proteobacteria	Gammaproteobacteria	Enterobacterales	Enterobacteriaceae	Lonsdalea	Lonsdalea populi		SPECIES	Lonsdalea populi	Lonsdalea populi		HU			PRESENT		ada9d123-ddb4-467d-8891-806ea8d94230									2011-08-13T00:00:00	13	8	2011	10807212	10807212	MATERIAL_SAMPLE							CC_BY_4_0					2021-09-23T14:51:31.249Z		
3349350845	393b8c26-e4e0-4dd0-a218-93fc074ebf4e	RJUJ01000000	Bacteria	Proteobacteria	Gammaproteobacteria	Enterobacterales	Enterobacteriaceae	Lonsdalea	Lonsdalea populi		SPECIES	Lonsdalea populi	Lonsdalea populi		CN	 Ningxia		PRESENT		ada9d123-ddb4-467d-8891-806ea8d94230									2018-06-01T00:00:00	1	6	2018	10807212	10807212	MATERIAL_SAMPLE							CC_BY_4_0					2021-09-23T14:51:16.674Z		
3349346261	393b8c26-e4e0-4dd0-a218-93fc074ebf4e	LUSP01000000	Bacteria	Proteobacteria	Gammaproteobacteria	Enterobacterales	Enterobacteriaceae	Lonsdalea	Lonsdalea quercina		SPECIES	Lonsdalea quercina D	Lonsdalea quercina		CN			PRESENT		ada9d123-ddb4-467d-8891-806ea8d94230									2012-08-31T00:00:00	31	8	2012	7616133	7616133	MATERIAL_SAMPLE							CC_BY_4_0					2021-09-23T14:51:18.499Z		
3349321102	393b8c26-e4e0-4dd0-a218-93fc074ebf4e	JIBP01000000	Bacteria	Proteobacteria	Gammaproteobacteria	Enterobacterales	Enterobacteriaceae	Lonsdalea	Lonsdalea quercina	quercina	SUBSPECIES	Lonsdalea quercina subsp. quercina	Lonsdalea quercina subsp. quercina		US	 Boulder, Colorado		PRESENT		ada9d123-ddb4-467d-8891-806ea8d94230									2010-01-01T00:00:00	1	1	2010	8406662	7616133	MATERIAL_SAMPLE							CC_BY_4_0					2021-09-23T14:51:15.553Z		
3349285069	393b8c26-e4e0-4dd0-a218-93fc074ebf4e	LUSY01000000	Bacteria	Proteobacteria	Gammaproteobacteria	Enterobacterales	Enterobacteriaceae	Lonsdalea	Lonsdalea populi		SPECIES	Lonsdalea populi	Lonsdalea populi		CN			PRESENT		ada9d123-ddb4-467d-8891-806ea8d94230									2010-08-13T00:00:00	13	8	2010	10807212	10807212	MATERIAL_SAMPLE							CC_BY_4_0					2021-09-23T14:51:15.623Z		
3349285068	393b8c26-e4e0-4dd0-a218-93fc074ebf4e	LUSU01000000	Bacteria	Proteobacteria	Gammaproteobacteria	Enterobacterales	Enterobacteriaceae	Lonsdalea	Lonsdalea populi		SPECIES	Lonsdalea populi	Lonsdalea populi		CN			PRESENT		ada9d123-ddb4-467d-8891-806ea8d94230									2013-08-13T00:00:00	13	8	2013	10807212	10807212	MATERIAL_SAMPLE							CC_BY_4_0					2021-09-23T14:51:15.622Z		
3349285067	393b8c26-e4e0-4dd0-a218-93fc074ebf4e	LUSQ01000000	Bacteria	Proteobacteria	Gammaproteobacteria	Enterobacterales	Enterobacteriaceae	Lonsdalea	Lonsdalea quercina		SPECIES	Lonsdalea quercina D	Lonsdalea quercina		CN			PRESENT		ada9d123-ddb4-467d-8891-806ea8d94230									2014-08-13T00:00:00	13	8	2014	7616133	7616133	MATERIAL_SAMPLE							CC_BY_4_0					2021-09-23T14:51:15.621Z		
3349277266	393b8c26-e4e0-4dd0-a218-93fc074ebf4e	LUTF01000000	Bacteria	Proteobacteria	Gammaproteobacteria	Enterobacterales	Enterobacteriaceae	Lonsdalea	Lonsdalea populi		SPECIES	Lonsdalea populi	Lonsdalea populi		CN			PRESENT		ada9d123-ddb4-467d-8891-806ea8d94230									2010-08-13T00:00:00	13	8	2010	10807212	10807212	MATERIAL_SAMPLE							CC_BY_4_0					2021-09-23T14:51:30.784Z		
3349277265	393b8c26-e4e0-4dd0-a218-93fc074ebf4e	LUTB01000000	Bacteria	Proteobacteria	Gammaproteobacteria	Enterobacterales	Enterobacteriaceae	Lonsdalea	Lonsdalea populi		SPECIES	Lonsdalea populi	Lonsdalea populi		CN			PRESENT		ada9d123-ddb4-467d-8891-806ea8d94230									2013-08-13T00:00:00	13	8	2013	10807212	10807212	MATERIAL_SAMPLE							CC_BY_4_0					2021-09-23T14:51:30.783Z		
3349269134	393b8c26-e4e0-4dd0-a218-93fc074ebf4e	LUTO01000000	Bacteria	Proteobacteria	Gammaproteobacteria	Enterobacterales	Enterobacteriaceae	Lonsdalea	Lonsdalea britannica		SPECIES	Lonsdalea britannica	Lonsdalea britannica		GB			PRESENT		ada9d123-ddb4-467d-8891-806ea8d94230									2010-08-13T00:00:00	13	8	2010	10816695	10816695	MATERIAL_SAMPLE							CC_BY_4_0					2021-09-23T14:51:30.024Z		
3349268983	393b8c26-e4e0-4dd0-a218-93fc074ebf4e	JIBO01000000	Bacteria	Proteobacteria	Gammaproteobacteria	Enterobacterales	Enterobacteriaceae	Lonsdalea	Lonsdalea quercina	quercina	SUBSPECIES	Lonsdalea quercina subsp. quercina	Lonsdalea quercina subsp. quercina		US	 California		PRESENT		ada9d123-ddb4-467d-8891-806ea8d94230									1967-01-01T00:00:00	1	1	1967	8406662	7616133	MATERIAL_SAMPLE							CC_BY_4_0					2021-09-23T14:51:29.799Z		
3349236502	393b8c26-e4e0-4dd0-a218-93fc074ebf4e	MW491304	Bacteria	Proteobacteria	Gammaproteobacteria	Enterobacterales	Enterobacteriaceae	Lonsdalea			GENUS	Lonsdalea Brady et al., 2012	Lonsdalea sp.		CH	 Geneva		PRESENT		ada9d123-ddb4-467d-8891-806ea8d94230									2020-10-17T00:00:00	17	10	2020	7883845		MATERIAL_SAMPLE							CC_BY_4_0		Celine Corbex			2021-09-23T14:51:27.414Z		
3349229278	393b8c26-e4e0-4dd0-a218-93fc074ebf4e	LUTK01000000	Bacteria	Proteobacteria	Gammaproteobacteria	Enterobacterales	Enterobacteriaceae	Lonsdalea	Lonsdalea populi		SPECIES	Lonsdalea populi	Lonsdalea populi		HU			PRESENT		ada9d123-ddb4-467d-8891-806ea8d94230									2011-08-13T00:00:00	13	8	2011	10807212	10807212	MATERIAL_SAMPLE							CC_BY_4_0					2021-09-23T14:51:16.952Z		
3349229277	393b8c26-e4e0-4dd0-a218-93fc074ebf4e	LUTG01000000	Bacteria	Proteobacteria	Gammaproteobacteria	Enterobacterales	Enterobacteriaceae	Lonsdalea	Lonsdalea populi		SPECIES	Lonsdalea populi	Lonsdalea populi		CN			PRESENT		ada9d123-ddb4-467d-8891-806ea8d94230									2014-08-13T00:00:00	13	8	2014	10807212	10807212	MATERIAL_SAMPLE							CC_BY_4_0					2021-09-23T14:51:16.951Z		
3349229276	393b8c26-e4e0-4dd0-a218-93fc074ebf4e	LUTC01000000	Bacteria	Proteobacteria	Gammaproteobacteria	Enterobacterales	Enterobacteriaceae	Lonsdalea	Lonsdalea populi		SPECIES	Lonsdalea populi	Lonsdalea populi		CN			PRESENT		ada9d123-ddb4-467d-8891-806ea8d94230									2012-08-13T00:00:00	13	8	2012	10807212	10807212	MATERIAL_SAMPLE							CC_BY_4_0					2021-09-23T14:51:16.950Z		
3349178763	393b8c26-e4e0-4dd0-a218-93fc074ebf4e	JIBQ01000000	Bacteria	Proteobacteria	Gammaproteobacteria	Enterobacterales	Enterobacteriaceae	Lonsdalea	Lonsdalea quercina	quercina	SUBSPECIES	Lonsdalea quercina subsp. quercina	Lonsdalea quercina subsp. quercina		US	 Denver, Colorado		PRESENT		ada9d123-ddb4-467d-8891-806ea8d94230									2011-01-01T00:00:00	1	1	2011	8406662	7616133	MATERIAL_SAMPLE							CC_BY_4_0					2021-09-23T14:51:16.041Z		
3348826808	393b8c26-e4e0-4dd0-a218-93fc074ebf4e	MH142832	Bacteria	Proteobacteria	Gammaproteobacteria	Enterobacterales	Enterobacteriaceae	Lonsdalea	Lonsdalea quercina	quercina	SUBSPECIES	Lonsdalea quercina subsp. quercina	Lonsdalea quercina subsp. quercina		US			PRESENT		ada9d123-ddb4-467d-8891-806ea8d94230	40.009998	-105.449997							2016-07-12T00:00:00	12	7	2016	8406662	7616133	MATERIAL_SAMPLE							CC_BY_4_0		R. Sitz			2021-09-23T14:51:00.848Z		GEODETIC_DATUM_ASSUMED_WGS84
3348800828	393b8c26-e4e0-4dd0-a218-93fc074ebf4e	MH142833	Bacteria	Proteobacteria	Gammaproteobacteria	Enterobacterales	Enterobacteriaceae	Lonsdalea	Lonsdalea quercina	quercina	SUBSPECIES	Lonsdalea quercina subsp. quercina	Lonsdalea quercina subsp. quercina		US			PRESENT		ada9d123-ddb4-467d-8891-806ea8d94230	40.009998	-105.459999							2015-07-20T00:00:00	20	7	2015	8406662	7616133	MATERIAL_SAMPLE							CC_BY_4_0		R. Sitz			2021-09-23T14:51:00.448Z		GEODETIC_DATUM_ASSUMED_WGS84
3348753874	393b8c26-e4e0-4dd0-a218-93fc074ebf4e	MH142830	Bacteria	Proteobacteria	Gammaproteobacteria	Enterobacterales	Enterobacteriaceae	Lonsdalea	Lonsdalea quercina	quercina	SUBSPECIES	Lonsdalea quercina subsp. quercina	Lonsdalea quercina subsp. quercina		US			PRESENT		ada9d123-ddb4-467d-8891-806ea8d94230	40.009998	-105.459999							2015-09-03T00:00:00	3	9	2015	8406662	7616133	MATERIAL_SAMPLE							CC_BY_4_0		R. Sitz			2021-09-23T14:50:59.990Z		GEODETIC_DATUM_ASSUMED_WGS84
3348734813	393b8c26-e4e0-4dd0-a218-93fc074ebf4e	MH142831	Bacteria	Proteobacteria	Gammaproteobacteria	Enterobacterales	Enterobacteriaceae	Lonsdalea	Lonsdalea quercina	quercina	SUBSPECIES	Lonsdalea quercina subsp. quercina	Lonsdalea quercina subsp. quercina		US			PRESENT		ada9d123-ddb4-467d-8891-806ea8d94230	40.009998	-105.449997							2016-07-12T00:00:00	12	7	2016	8406662	7616133	MATERIAL_SAMPLE							CC_BY_4_0		R. Sitz			2021-09-23T14:51:00.231Z		GEODETIC_DATUM_ASSUMED_WGS84
3347521253	393b8c26-e4e0-4dd0-a218-93fc074ebf4e	AF464126	Bacteria	Proteobacteria	Gammaproteobacteria	Enterobacterales	Enterobacteriaceae	Lonsdalea	Lonsdalea quercina		SPECIES	Lonsdalea quercina D	Lonsdalea quercina		US	 California		PRESENT		ada9d123-ddb4-467d-8891-806ea8d94230													7616133	7616133	PRESERVED_SPECIMEN			University of California at Berkley Dept. of Plant Pathology				CC_BY_4_0					2021-09-23T14:49:52.025Z		
3347488574	393b8c26-e4e0-4dd0-a218-93fc074ebf4e	CP023009	Bacteria	Proteobacteria	Gammaproteobacteria	Enterobacterales	Enterobacteriaceae	Lonsdalea	Lonsdalea britannica		SPECIES	Lonsdalea britannica	Lonsdalea britannica		GB	Surrey		PRESENT		ada9d123-ddb4-467d-8891-806ea8d94230									2016-04-01T00:00:00	1	4	2016	10816695	10816695	MATERIAL_SAMPLE							CC_BY_4_0		Sandra Denman/Sarah Plummer			2021-09-23T14:49:44.563Z		
3347487707	393b8c26-e4e0-4dd0-a218-93fc074ebf4e	CP065534	Bacteria	Proteobacteria	Gammaproteobacteria	Enterobacterales	Enterobacteriaceae	Lonsdalea	Lonsdalea populi		SPECIES	Lonsdalea populi	Lonsdalea populi		CN	Henan,Puyang		PRESENT		ada9d123-ddb4-467d-8891-806ea8d94230									2006-09-01T00:00:00	1	9	2006	10807212	10807212	MATERIAL_SAMPLE							CC_BY_4_0					2021-09-23T14:49:45.121Z		
3347441612	393b8c26-e4e0-4dd0-a218-93fc074ebf4e	RJUI01000000	Bacteria	Proteobacteria	Gammaproteobacteria	Enterobacterales	Enterobacteriaceae	Lonsdalea	Lonsdalea populi		SPECIES	Lonsdalea populi	Lonsdalea populi		CN	 Ningxia		PRESENT		ada9d123-ddb4-467d-8891-806ea8d94230									2018-06-01T00:00:00	1	6	2018	10807212	10807212	MATERIAL_SAMPLE							CC_BY_4_0					2021-09-23T14:49:38.774Z		
3347423619	393b8c26-e4e0-4dd0-a218-93fc074ebf4e	RJUH01000000	Bacteria	Proteobacteria	Gammaproteobacteria	Enterobacterales	Enterobacteriaceae	Lonsdalea	Lonsdalea populi		SPECIES	Lonsdalea populi	Lonsdalea populi		CN	 Shangdong Province		PRESENT		ada9d123-ddb4-467d-8891-806ea8d94230									2018-08-01T00:00:00	1	8	2018	10807212	10807212	MATERIAL_SAMPLE							CC_BY_4_0					2021-09-23T14:49:31.800Z		
3347398018	393b8c26-e4e0-4dd0-a218-93fc074ebf4e	LUTM01000000	Bacteria	Proteobacteria	Gammaproteobacteria	Enterobacterales	Enterobacteriaceae	Lonsdalea	Lonsdalea populi		SPECIES	Lonsdalea populi	Lonsdalea populi		HU			PRESENT		ada9d123-ddb4-467d-8891-806ea8d94230									2011-08-13T00:00:00	13	8	2011	10807212	10807212	MATERIAL_SAMPLE							CC_BY_4_0					2021-09-23T14:49:37.980Z		
3347398017	393b8c26-e4e0-4dd0-a218-93fc074ebf4e	LUTI01000000	Bacteria	Proteobacteria	Gammaproteobacteria	Enterobacterales	Enterobacteriaceae	Lonsdalea	Lonsdalea populi		SPECIES	Lonsdalea populi	Lonsdalea populi		HU			PRESENT		ada9d123-ddb4-467d-8891-806ea8d94230									2011-08-13T00:00:00	13	8	2011	10807212	10807212	MATERIAL_SAMPLE							CC_BY_4_0					2021-09-23T14:49:37.979Z		
3347398016	393b8c26-e4e0-4dd0-a218-93fc074ebf4e	LUTE01000000	Bacteria	Proteobacteria	Gammaproteobacteria	Enterobacterales	Enterobacteriaceae	Lonsdalea	Lonsdalea populi		SPECIES	Lonsdalea populi	Lonsdalea populi		CN			PRESENT		ada9d123-ddb4-467d-8891-806ea8d94230									2010-08-13T00:00:00	13	8	2010	10807212	10807212	MATERIAL_SAMPLE							CC_BY_4_0					2021-09-23T14:49:37.977Z		
3347398015	393b8c26-e4e0-4dd0-a218-93fc074ebf4e	LUTA01000000	Bacteria	Proteobacteria	Gammaproteobacteria	Enterobacterales	Enterobacteriaceae	Lonsdalea	Lonsdalea populi		SPECIES	Lonsdalea populi	Lonsdalea populi		CN			PRESENT		ada9d123-ddb4-467d-8891-806ea8d94230									2013-08-13T00:00:00	13	8	2013	10807212	10807212	MATERIAL_SAMPLE							CC_BY_4_0					2021-09-23T14:49:37.976Z		
3347396988	393b8c26-e4e0-4dd0-a218-93fc074ebf4e	LUTD01000000	Bacteria	Proteobacteria	Gammaproteobacteria	Enterobacterales	Enterobacteriaceae	Lonsdalea	Lonsdalea populi		SPECIES	Lonsdalea populi	Lonsdalea populi		CN			PRESENT		ada9d123-ddb4-467d-8891-806ea8d94230									2010-08-13T00:00:00	13	8	2010	10807212	10807212	MATERIAL_SAMPLE							CC_BY_4_0					2021-09-23T14:49:30.306Z		
3347385051	393b8c26-e4e0-4dd0-a218-93fc074ebf4e	LUSW01000000	Bacteria	Proteobacteria	Gammaproteobacteria	Enterobacterales	Enterobacteriaceae	Lonsdalea	Lonsdalea populi		SPECIES	Lonsdalea populi	Lonsdalea populi		CN			PRESENT		ada9d123-ddb4-467d-8891-806ea8d94230									2013-09-02T00:00:00	2	9	2013	10807212	10807212	MATERIAL_SAMPLE							CC_BY_4_0					2021-09-23T14:49:30.972Z		
3347385050	393b8c26-e4e0-4dd0-a218-93fc074ebf4e	LUSS01000000	Bacteria	Proteobacteria	Gammaproteobacteria	Enterobacterales	Enterobacteriaceae	Lonsdalea	Lonsdalea populi		SPECIES	Lonsdalea populi	Lonsdalea populi		CN			PRESENT		ada9d123-ddb4-467d-8891-806ea8d94230									2013-09-13T00:00:00	13	9	2013	10807212	10807212	MATERIAL_SAMPLE							CC_BY_4_0					2021-09-23T14:49:30.970Z		
3347373908	393b8c26-e4e0-4dd0-a218-93fc074ebf4e	LUTQ01000000	Bacteria	Proteobacteria	Gammaproteobacteria	Enterobacterales	Enterobacteriaceae	Lonsdalea	Lonsdalea iberica		SPECIES	Lonsdalea iberica	Lonsdalea iberica		ES			PRESENT		ada9d123-ddb4-467d-8891-806ea8d94230									2010-08-13T00:00:00	13	8	2010	10698728	10698728	MATERIAL_SAMPLE							CC_BY_4_0					2021-09-23T14:49:36.167Z		
3347370118	393b8c26-e4e0-4dd0-a218-93fc074ebf4e	LUSR01000000	Bacteria	Proteobacteria	Gammaproteobacteria	Enterobacterales	Enterobacteriaceae	Lonsdalea	Lonsdalea populi		SPECIES	Lonsdalea populi	Lonsdalea populi		CN			PRESENT		ada9d123-ddb4-467d-8891-806ea8d94230									2013-09-02T00:00:00	2	9	2013	10807212	10807212	MATERIAL_SAMPLE							CC_BY_4_0					2021-09-23T14:49:37Z		
3347332917	393b8c26-e4e0-4dd0-a218-93fc074ebf4e	LUSZ01000000	Bacteria	Proteobacteria	Gammaproteobacteria	Enterobacterales	Enterobacteriaceae	Lonsdalea	Lonsdalea populi		SPECIES	Lonsdalea populi	Lonsdalea populi		CN			PRESENT		ada9d123-ddb4-467d-8891-806ea8d94230									2009-08-13T00:00:00	13	8	2009	10807212	10807212	MATERIAL_SAMPLE							CC_BY_4_0					2021-09-23T14:49:36.171Z		
3347332916	393b8c26-e4e0-4dd0-a218-93fc074ebf4e	LUSV01000000	Bacteria	Proteobacteria	Gammaproteobacteria	Enterobacterales	Enterobacteriaceae	Lonsdalea	Lonsdalea populi		SPECIES	Lonsdalea populi	Lonsdalea populi		CN			PRESENT		ada9d123-ddb4-467d-8891-806ea8d94230									2011-08-13T00:00:00	13	8	2011	10807212	10807212	MATERIAL_SAMPLE							CC_BY_4_0					2021-09-23T14:49:36.169Z		
3347320967	393b8c26-e4e0-4dd0-a218-93fc074ebf4e	LUTP01000000	Bacteria	Proteobacteria	Gammaproteobacteria	Enterobacterales	Enterobacteriaceae	Lonsdalea	Lonsdalea iberica		SPECIES	Lonsdalea iberica	Lonsdalea iberica		ES			PRESENT		ada9d123-ddb4-467d-8891-806ea8d94230									2010-08-13T00:00:00	13	8	2010	10698728	10698728	MATERIAL_SAMPLE							CC_BY_4_0					2021-09-23T14:49:30.117Z		
3347320966	393b8c26-e4e0-4dd0-a218-93fc074ebf4e	LUTL01000000	Bacteria	Proteobacteria	Gammaproteobacteria	Enterobacterales	Enterobacteriaceae	Lonsdalea	Lonsdalea populi		SPECIES	Lonsdalea populi	Lonsdalea populi		HU			PRESENT		ada9d123-ddb4-467d-8891-806ea8d94230									2011-08-13T00:00:00	13	8	2011	10807212	10807212	MATERIAL_SAMPLE							CC_BY_4_0					2021-09-23T14:49:30.115Z		
3347320965	393b8c26-e4e0-4dd0-a218-93fc074ebf4e	LUTH01000000	Bacteria	Proteobacteria	Gammaproteobacteria	Enterobacterales	Enterobacteriaceae	Lonsdalea	Lonsdalea populi		SPECIES	Lonsdalea populi	Lonsdalea populi		CN			PRESENT		ada9d123-ddb4-467d-8891-806ea8d94230									2014-08-13T00:00:00	13	8	2014	10807212	10807212	MATERIAL_SAMPLE							CC_BY_4_0					2021-09-23T14:49:30.114Z		
3347044484	d8cd16ba-bb74-4420-821e-083f2bac17c2	JQ291573	Bacteria	Proteobacteria	Gammaproteobacteria	Enterobacterales	Enterobacteriaceae	Lonsdalea	Lonsdalea populi		SPECIES	Lonsdalea populi	Lonsdalea populi		HU	Szentkiraly		PRESENT		ada9d123-ddb4-467d-8891-806ea8d94230									2011-09-07T00:00:00	7	9	2011	10807212	10807212	MATERIAL_SAMPLE							CC_BY_4_0					2021-09-23T14:12:37.132Z		
3347003416	d8cd16ba-bb74-4420-821e-083f2bac17c2	JQ291574	Bacteria	Proteobacteria	Gammaproteobacteria	Enterobacterales	Enterobacteriaceae	Lonsdalea	Lonsdalea populi		SPECIES	Lonsdalea populi	Lonsdalea populi		HU	Nyarsapat		PRESENT		ada9d123-ddb4-467d-8891-806ea8d94230									2011-09-07T00:00:00	7	9	2011	10807212	10807212	MATERIAL_SAMPLE							CC_BY_4_0					2021-09-23T14:11:29.758Z		
3346979473	d8cd16ba-bb74-4420-821e-083f2bac17c2	JQ291575	Bacteria	Proteobacteria	Gammaproteobacteria	Enterobacterales	Enterobacteriaceae	Lonsdalea	Lonsdalea populi		SPECIES	Lonsdalea populi	Lonsdalea populi		HU	Mikebuda		PRESENT		ada9d123-ddb4-467d-8891-806ea8d94230									2011-09-07T00:00:00	7	9	2011	10807212	10807212	MATERIAL_SAMPLE							CC_BY_4_0					2021-09-23T14:12:38.089Z		
3345930212	583d91fe-bbc0-4b4a-afe1-801f88263016	MH142829	Bacteria	Proteobacteria	Gammaproteobacteria	Enterobacterales	Enterobacteriaceae	Lonsdalea	Lonsdalea quercina	quercina	SUBSPECIES	Lonsdalea quercina subsp. quercina	Lonsdalea quercina subsp. quercina		US			PRESENT		ada9d123-ddb4-467d-8891-806ea8d94230	40.009998	-105.449997							2016-07-18T00:00:00	18	7	2016	8406662	7616133	MATERIAL_SAMPLE							CC_BY_4_0		R. Sitz			2021-09-23T14:48:12.219Z		GEODETIC_DATUM_ASSUMED_WGS84
3079631526	50c9509d-22c7-4a22-a47d-8c48425ef4a7	https://www.inaturalist.org/observations/19365329	Bacteria	Proteobacteria	Gammaproteobacteria	Enterobacterales	Enterobacteriaceae	Lonsdalea	Lonsdalea quercina		SPECIES	Lonsdalea quercina D	Lonsdalea quercina		US		California	PRESENT		28eb1a3f-1c15-4a95-931a-4af90ecb574d	37.16834	-121.651707	191.0						2018-10-07T10:53:00	7	10	2018	7616133	7616133	HUMAN_OBSERVATION	iNaturalist	Observations	19365329		Krissa Klein	2019-10-24T17:59:00	CC_BY_NC_4_0	Krissa Klein	Krissa Klein			2021-11-06T01:03:52.471Z	StillImage	COORDINATE_ROUNDED
3079563531	50c9509d-22c7-4a22-a47d-8c48425ef4a7	https://www.inaturalist.org/observations/19113951	Bacteria	Proteobacteria	Gammaproteobacteria	Enterobacterales	Enterobacteriaceae	Lonsdalea	Lonsdalea quercina		SPECIES	Lonsdalea quercina D	Lonsdalea quercina		US		California	PRESENT		28eb1a3f-1c15-4a95-931a-4af90ecb574d	38.421569	-122.530481	65.0						2018-09-13T11:56:00	13	9	2018	7616133	7616133	HUMAN_OBSERVATION	iNaturalist	Observations	19113951		Krissa Klein	2019-10-24T17:58:59	CC_BY_NC_4_0	Krissa Klein	Krissa Klein			2021-11-06T01:04:51.680Z	StillImage	COORDINATE_ROUNDED
3039199587	50c9509d-22c7-4a22-a47d-8c48425ef4a7	https://www.inaturalist.org/observations/54289892	Bacteria	Proteobacteria	Gammaproteobacteria	Enterobacterales	Enterobacteriaceae	Lonsdalea	Lonsdalea quercina		SPECIES	Lonsdalea quercina D	Lonsdalea quercina		US		California	PRESENT		28eb1a3f-1c15-4a95-931a-4af90ecb574d	38.55713	-121.258141	212.0						2020-07-24T06:58:00	24	7	2020	7616133	7616133	HUMAN_OBSERVATION	iNaturalist	Observations	54289892		Mary K. Hanson	2020-07-25T17:08:02	CC_BY_4_0	Mary K. Hanson	Mary K. Hanson			2021-11-06T01:05:28.009Z	StillImage	COORDINATE_ROUNDED
2999176454	50c9509d-22c7-4a22-a47d-8c48425ef4a7	https://www.inaturalist.org/observations/55645168	Bacteria	Proteobacteria	Gammaproteobacteria	Enterobacterales	Enterobacteriaceae	Lonsdalea	Lonsdalea quercina		SPECIES	Lonsdalea quercina D	Lonsdalea quercina		US		California	PRESENT		28eb1a3f-1c15-4a95-931a-4af90ecb574d	37.201611	-121.9758	10.0						2020-08-06T11:00:00	6	8	2020	7616133	7616133	HUMAN_OBSERVATION	iNaturalist	Observations	55645168		Leslie Flint	2020-08-06T22:16:06	CC_BY_NC_4_0	Leslie Flint	Leslie Flint			2021-11-06T00:23:05.750Z	StillImage	COORDINATE_ROUNDED
2999135430	50c9509d-22c7-4a22-a47d-8c48425ef4a7	https://www.inaturalist.org/observations/53309228	Bacteria	Proteobacteria	Gammaproteobacteria	Enterobacterales	Enterobacteriaceae	Lonsdalea	Lonsdalea quercina		SPECIES	Lonsdalea quercina D	Lonsdalea quercina		US		California	PRESENT		28eb1a3f-1c15-4a95-931a-4af90ecb574d	37.54908	-122.322472	26.0						2020-07-16T14:03:28	16	7	2020	7616133	7616133	HUMAN_OBSERVATION	iNaturalist	Observations	53309228		Leslie Flint	2020-07-16T22:42:05	CC_BY_NC_4_0	Leslie Flint	Leslie Flint			2021-11-06T01:07:45.665Z	StillImage	COORDINATE_ROUNDED
2999104464	50c9509d-22c7-4a22-a47d-8c48425ef4a7	https://www.inaturalist.org/observations/54569597	Bacteria	Proteobacteria	Gammaproteobacteria	Enterobacterales	Enterobacteriaceae	Lonsdalea	Lonsdalea quercina		SPECIES	Lonsdalea quercina D	Lonsdalea quercina		US		California	PRESENT		28eb1a3f-1c15-4a95-931a-4af90ecb574d	37.462117	-122.277642	7.0						2020-07-27T11:27:50	27	7	2020	7616133	7616133	HUMAN_OBSERVATION	iNaturalist	Observations	54569597		Leslie Flint	2020-07-27T21:46:23	CC_BY_NC_4_0	Leslie Flint	Leslie Flint			2021-11-06T01:47:51.806Z	StillImage	COORDINATE_ROUNDED
2999098505	50c9509d-22c7-4a22-a47d-8c48425ef4a7	https://www.inaturalist.org/observations/59196660	Bacteria	Proteobacteria	Gammaproteobacteria	Enterobacterales	Enterobacteriaceae	Lonsdalea	Lonsdalea quercina		SPECIES	Lonsdalea quercina D	Lonsdalea quercina		US		California	PRESENT		28eb1a3f-1c15-4a95-931a-4af90ecb574d	36.428775	-119.023178	22.0						2020-08-07T10:51:18	7	8	2020	7616133	7616133	HUMAN_OBSERVATION	iNaturalist	Observations	59196660		sweiser	2020-09-11T05:18:54	CC_BY_NC_4_0	sweiser	sweiser			2021-11-06T00:23:32.206Z	StillImage	COORDINATE_ROUNDED
2992766474	50c9509d-22c7-4a22-a47d-8c48425ef4a7	https://www.inaturalist.org/observations/55109720	Bacteria	Proteobacteria	Gammaproteobacteria	Enterobacterales	Enterobacteriaceae	Lonsdalea	Lonsdalea quercina		SPECIES	Lonsdalea quercina D	Lonsdalea quercina		US		California	PRESENT		28eb1a3f-1c15-4a95-931a-4af90ecb574d	37.931033	-122.581353	48.0						2020-08-01T15:21:51	1	8	2020	7616133	7616133	HUMAN_OBSERVATION	iNaturalist	Observations	55109720		catchang	2020-08-02T02:47:13	CC_BY_NC_4_0	catchang	catchang			2021-11-06T01:06:17.137Z	StillImage	COORDINATE_ROUNDED
2824060617	685cff6d-e439-4552-980c-5c73d647d1bf	60479a52-d27a-4573-b4d2-e21b0927cc23	Bacteria	Proteobacteria	Gammaproteobacteria	Enterobacterales	Enterobacteriaceae	Lonsdalea	Lonsdalea quercina		SPECIES	Lonsdalea quercina (Hildebrand & Schroth, 1967) Brady et al., 2012	Lonsdalea quercina	(Hildebrand & Schroth 1967) Brady et al., 2012	US			PRESENT		325c883e-46a7-4be3-9d77-7dde654fd1d3													7572496	7616133	PRESERVED_SPECIMEN	DAR	DAR	DAR0049298				CC_BY_4_0		Bonar, L.			2021-10-05T15:57:50.613Z		RECORDED_DATE_INVALID;INSTITUTION_MATCH_FUZZY;COLLECTION_MATCH_FUZZY
2442655579	8814679c-b143-4147-bdf4-026ed58699c8	MGYA00356430_Bacteria::Proteobacteria:Gammaproteobacteria:Enterobacterales:Pectobacteriaceae:Lonsdalea:Lonsdalea_quercina	Bacteria	Proteobacteria	Gammaproteobacteria	Enterobacterales	Enterobacteriaceae	Lonsdalea	Lonsdalea quercina		SPECIES	Lonsdalea quercina D	Lonsdalea quercina		IN	Krishna Godavari Basin		PRESENT		ab733144-7043-4e88-bd4f-fca7bf858880													7616133	7616133	MATERIAL_SAMPLE							CC_BY_4_0					2021-09-23T20:32:29.849Z		
2442384974	e53c674a-eedc-4b53-9451-dcad9b9ada86	MGYA00355940_Bacteria::Proteobacteria:Gammaproteobacteria:Enterobacterales:Pectobacteriaceae:Lonsdalea	Bacteria	Proteobacteria	Gammaproteobacteria	Enterobacterales	Enterobacteriaceae	Lonsdalea			GENUS	Lonsdalea Brady et al., 2012	Lonsdalea		US	Pacific Ocean, Scripps Pier, La Jolla, CA		PRESENT		ab733144-7043-4e88-bd4f-fca7bf858880	32.867	-117.2573					0.5	0.0	2014-06-10T00:00:00	10	6	2014	7883845		MATERIAL_SAMPLE							CC_BY_4_0					2021-09-23T20:23:05.616Z		GEODETIC_DATUM_ASSUMED_WGS84
2423075002	50c9509d-22c7-4a22-a47d-8c48425ef4a7	https://www.inaturalist.org/observations/32732270	Bacteria	Proteobacteria	Gammaproteobacteria	Enterobacterales	Enterobacteriaceae	Lonsdalea	Lonsdalea quercina		SPECIES	Lonsdalea quercina D	Lonsdalea quercina		US		California	PRESENT		28eb1a3f-1c15-4a95-931a-4af90ecb574d	38.044145	-122.634505	16.0						2019-09-14T15:36:48	14	9	2019	7616133	7616133	HUMAN_OBSERVATION	iNaturalist	Observations	32732270		Leslie Flint	2019-10-24T17:59:08	CC_BY_NC_4_0	Leslie Flint	Leslie Flint			2021-11-06T00:22:03.786Z	StillImage	COORDINATE_ROUNDED
2422908723	50c9509d-22c7-4a22-a47d-8c48425ef4a7	https://www.inaturalist.org/observations/32117187	Bacteria	Proteobacteria	Gammaproteobacteria	Enterobacterales	Enterobacteriaceae	Lonsdalea	Lonsdalea quercina		SPECIES	Lonsdalea quercina D	Lonsdalea quercina		US		California	PRESENT		28eb1a3f-1c15-4a95-931a-4af90ecb574d	37.95745	-122.610833	24.0						2019-09-02T14:29:49	2	9	2019	7616133	7616133	HUMAN_OBSERVATION	iNaturalist	Observations	32117187		Merav Vonshak	2019-10-24T17:59:06	CC_BY_NC_4_0	Merav Vonshak	Merav Vonshak			2021-11-06T00:21:49.979Z	StillImage	COORDINATE_ROUNDED
2397699616	50c9509d-22c7-4a22-a47d-8c48425ef4a7	https://www.inaturalist.org/observations/32072788	Bacteria	Proteobacteria	Gammaproteobacteria	Enterobacterales	Enterobacteriaceae	Lonsdalea	Lonsdalea quercina		SPECIES	Lonsdalea quercina D	Lonsdalea quercina		US		California	PRESENT		28eb1a3f-1c15-4a95-931a-4af90ecb574d	37.262389	-121.791953	8.0						2019-09-03T10:11:00	3	9	2019	7616133	7616133	HUMAN_OBSERVATION	iNaturalist	Observations	32072788		catchang	2019-10-24T17:59:06	CC_BY_NC_4_0	Merav Vonshak	Merav Vonshak			2021-11-06T01:06:27.169Z	StillImage	COORDINATE_ROUNDED
2397503903	50c9509d-22c7-4a22-a47d-8c48425ef4a7	https://www.inaturalist.org/observations/31014599	Bacteria	Proteobacteria	Gammaproteobacteria	Enterobacterales	Enterobacteriaceae	Lonsdalea	Lonsdalea quercina		SPECIES	Lonsdalea quercina D	Lonsdalea quercina		US		California	PRESENT		28eb1a3f-1c15-4a95-931a-4af90ecb574d	38.569813	-122.688842	16.0						2019-08-17T08:23:27	17	8	2019	7616133	7616133	HUMAN_OBSERVATION	iNaturalist	Observations	31014599		catchang	2019-10-24T17:59:01	CC_BY_NC_4_0	catchang	catchang			2021-11-06T01:04:46.016Z	StillImage	COORDINATE_ROUNDED
2027193137	dcc129a5-95be-47a7-bed7-226f3143acad	MGYA00185759_Bacteria::Proteobacteria:Gammaproteobacteria:Enterobacterales:Pectobacteriaceae:Lonsdalea:Lonsdalea_quercina	Bacteria	Proteobacteria	Gammaproteobacteria	Enterobacterales	Enterobacteriaceae	Lonsdalea	Lonsdalea quercina		SPECIES	Lonsdalea quercina D	Lonsdalea quercina		SA			PRESENT		ab733144-7043-4e88-bd4f-fca7bf858880	22.3	38.6					50.0	0.0	2013-03-27T00:00:00	27	3	2013	7616133	7616133	MATERIAL_SAMPLE							CC_BY_4_0					2021-09-23T21:45:56.547Z		GEODETIC_DATUM_ASSUMED_WGS84
2027173995	dcc129a5-95be-47a7-bed7-226f3143acad	MGYA00185729_Bacteria::Proteobacteria:Gammaproteobacteria:Enterobacterales:Pectobacteriaceae:Lonsdalea:Lonsdalea_quercina	Bacteria	Proteobacteria	Gammaproteobacteria	Enterobacterales	Enterobacteriaceae	Lonsdalea	Lonsdalea quercina		SPECIES	Lonsdalea quercina D	Lonsdalea quercina		SA			PRESENT		ab733144-7043-4e88-bd4f-fca7bf858880	22.2	38.4					350.0	0.0	2013-03-26T00:00:00	26	3	2013	7616133	7616133	MATERIAL_SAMPLE							CC_BY_4_0					2021-09-23T21:45:55.273Z		GEODETIC_DATUM_ASSUMED_WGS84
2026187163	2880fe33-38ec-4b8c-9a43-59a5095b1454	MGYA00175269_Bacteria::Proteobacteria:Gammaproteobacteria:Enterobacterales:Pectobacteriaceae:Lonsdalea	Bacteria	Proteobacteria	Gammaproteobacteria	Enterobacterales	Enterobacteriaceae	Lonsdalea			GENUS	Lonsdalea Brady et al., 2012	Lonsdalea		NA			PRESENT		ab733144-7043-4e88-bd4f-fca7bf858880	-19.9995	11.832							2015-02-01T00:00:00	1	2	2015	7883845		MATERIAL_SAMPLE							CC_BY_4_0					2021-09-23T21:53:19.828Z		GEODETIC_DATUM_ASSUMED_WGS84
2026176780	2880fe33-38ec-4b8c-9a43-59a5095b1454	MGYA00175258_Bacteria::Proteobacteria:Gammaproteobacteria:Enterobacterales:Pectobacteriaceae:Lonsdalea	Bacteria	Proteobacteria	Gammaproteobacteria	Enterobacterales	Enterobacteriaceae	Lonsdalea			GENUS	Lonsdalea Brady et al., 2012	Lonsdalea		NA			PRESENT		ab733144-7043-4e88-bd4f-fca7bf858880	-19.4938	12.1665							2015-05-01T00:00:00	1	5	2015	7883845		MATERIAL_SAMPLE							CC_BY_4_0					2021-09-23T21:53:22.555Z		GEODETIC_DATUM_ASSUMED_WGS84
2026176368	2880fe33-38ec-4b8c-9a43-59a5095b1454	MGYA00175259_Bacteria::Proteobacteria:Gammaproteobacteria:Enterobacterales:Pectobacteriaceae:Lonsdalea:Lonsdalea_quercina	Bacteria	Proteobacteria	Gammaproteobacteria	Enterobacterales	Enterobacteriaceae	Lonsdalea	Lonsdalea quercina		SPECIES	Lonsdalea quercina D	Lonsdalea quercina		NA			PRESENT		ab733144-7043-4e88-bd4f-fca7bf858880	-23.0002	14.3663							2015-04-01T00:00:00	1	4	2015	7616133	7616133	MATERIAL_SAMPLE							CC_BY_4_0					2021-09-23T21:53:16.780Z		GEODETIC_DATUM_ASSUMED_WGS84
2026164574	2880fe33-38ec-4b8c-9a43-59a5095b1454	MGYA00175235_Bacteria::Proteobacteria:Gammaproteobacteria:Enterobacterales:Pectobacteriaceae:Lonsdalea	Bacteria	Proteobacteria	Gammaproteobacteria	Enterobacterales	Enterobacteriaceae	Lonsdalea			GENUS	Lonsdalea Brady et al., 2012	Lonsdalea		NA			PRESENT		ab733144-7043-4e88-bd4f-fca7bf858880	-23.0123	13.3373							2015-02-01T00:00:00	1	2	2015	7883845		MATERIAL_SAMPLE							CC_BY_4_0					2021-09-23T21:53:16.698Z		GEODETIC_DATUM_ASSUMED_WGS84
2026154638	2880fe33-38ec-4b8c-9a43-59a5095b1454	MGYA00175220_Bacteria::Proteobacteria:Gammaproteobacteria:Enterobacterales:Pectobacteriaceae:Lonsdalea	Bacteria	Proteobacteria	Gammaproteobacteria	Enterobacterales	Enterobacteriaceae	Lonsdalea			GENUS	Lonsdalea Brady et al., 2012	Lonsdalea		NA			PRESENT		ab733144-7043-4e88-bd4f-fca7bf858880	-23.0123	13.3373							2015-02-01T00:00:00	1	2	2015	7883845		MATERIAL_SAMPLE							CC_BY_4_0					2021-09-23T21:53:23.739Z		GEODETIC_DATUM_ASSUMED_WGS84
2026136334	2880fe33-38ec-4b8c-9a43-59a5095b1454	MGYA00175197_Bacteria::Proteobacteria:Gammaproteobacteria:Enterobacterales:Pectobacteriaceae:Lonsdalea	Bacteria	Proteobacteria	Gammaproteobacteria	Enterobacterales	Enterobacteriaceae	Lonsdalea			GENUS	Lonsdalea Brady et al., 2012	Lonsdalea		NA			PRESENT		ab733144-7043-4e88-bd4f-fca7bf858880	-23.0002	14.3663							2015-04-01T00:00:00	1	4	2015	7883845		MATERIAL_SAMPLE							CC_BY_4_0					2021-09-23T21:53:25.815Z		GEODETIC_DATUM_ASSUMED_WGS84
2026079893	2880fe33-38ec-4b8c-9a43-59a5095b1454	MGYA00175111_Bacteria::Proteobacteria:Gammaproteobacteria:Enterobacterales:Pectobacteriaceae:Lonsdalea	Bacteria	Proteobacteria	Gammaproteobacteria	Enterobacterales	Enterobacteriaceae	Lonsdalea			GENUS	Lonsdalea Brady et al., 2012	Lonsdalea		NA			PRESENT		ab733144-7043-4e88-bd4f-fca7bf858880	-19.4938	12.1665							2015-05-01T00:00:00	1	5	2015	7883845		MATERIAL_SAMPLE							CC_BY_4_0					2021-09-23T21:53:22.629Z		GEODETIC_DATUM_ASSUMED_WGS84
2022368159	4bc303c7-b994-482b-8319-582def27d16c	MGYA00214211_Bacteria::Proteobacteria:Gammaproteobacteria:Enterobacterales:Pectobacteriaceae:Lonsdalea:Lonsdalea_quercina	Bacteria	Proteobacteria	Gammaproteobacteria	Enterobacterales	Enterobacteriaceae	Lonsdalea	Lonsdalea quercina		SPECIES	Lonsdalea quercina D	Lonsdalea quercina		AQ	Fildes Peninsula		PRESENT		ab733144-7043-4e88-bd4f-fca7bf858880	-62.1937	-58.9339					0.0	0.0	2013-02-10T00:00:00	10	2	2013	7616133	7616133	MATERIAL_SAMPLE							CC_BY_4_0					2021-09-23T21:49:59.962Z		GEODETIC_DATUM_ASSUMED_WGS84
2018464445	a74db578-ac84-4907-ab8f-8de6eaa7df56	MGYA00287224_Bacteria::Proteobacteria:Gammaproteobacteria:Enterobacterales:Pectobacteriaceae:Lonsdalea	Bacteria	Proteobacteria	Gammaproteobacteria	Enterobacterales	Enterobacteriaceae	Lonsdalea			GENUS	Lonsdalea Brady et al., 2012	Lonsdalea		AU	North Stradbroke Island NRS		PRESENT		ab733144-7043-4e88-bd4f-fca7bf858880	-27.345	153.562					40.0	0.0	2014-04-04T00:00:00	4	4	2014	7883845		MATERIAL_SAMPLE							CC_BY_4_0					2021-09-23T16:54:39.253Z		GEODETIC_DATUM_ASSUMED_WGS84
2018422564	a74db578-ac84-4907-ab8f-8de6eaa7df56	MGYA00287192_Bacteria::Proteobacteria:Gammaproteobacteria:Enterobacterales:Pectobacteriaceae:Lonsdalea:Lonsdalea_quercina	Bacteria	Proteobacteria	Gammaproteobacteria	Enterobacterales	Enterobacteriaceae	Lonsdalea	Lonsdalea quercina		SPECIES	Lonsdalea quercina D	Lonsdalea quercina		AU	North Stradbroke Island NRS		PRESENT		ab733144-7043-4e88-bd4f-fca7bf858880	-27.345	153.562					50.0	0.0	2013-12-12T00:00:00	12	12	2013	7616133	7616133	MATERIAL_SAMPLE							CC_BY_4_0					2021-09-23T16:48:50.245Z		GEODETIC_DATUM_ASSUMED_WGS84
2015859913	a74db578-ac84-4907-ab8f-8de6eaa7df56	MGYA00282233_Bacteria::Proteobacteria:Gammaproteobacteria:Enterobacterales:Pectobacteriaceae:Lonsdalea	Bacteria	Proteobacteria	Gammaproteobacteria	Enterobacterales	Enterobacteriaceae	Lonsdalea			GENUS	Lonsdalea Brady et al., 2012	Lonsdalea		AU	North Stradbroke Island NRS		PRESENT		ab733144-7043-4e88-bd4f-fca7bf858880	-27.345	153.562					40.0	0.0	2014-04-04T00:00:00	4	4	2014	7883845		MATERIAL_SAMPLE							CC_BY_4_0					2021-09-23T16:47:50.378Z		GEODETIC_DATUM_ASSUMED_WGS84
1986712210	94281e3c-4518-498a-acd7-529f2cb61541	ColombiaBio:SINCHI:Andaquies:MICRO:BCA:2017:54903	Bacteria	Proteobacteria	Gammaproteobacteria	Enterobacterales	Enterobacteriaceae	Lonsdalea	Lonsdalea quercina		SPECIES	Brenneria quercina (Hildebrand & Schroth, 1967) Hauben et al., 1999	Brenneria querci		CO		Caquetá	PRESENT		9d77fdeb-100f-4b29-98ad-4effdd824457	1.697194	-75.905028			1625.0	0.0			2017-01-17T00:00:00	17	1	2017	3221935	7616133	MATERIAL_SAMPLE	Instituto Amazónico de Investigaciones Científicas SINCHI			6179	Grupo Microorganismos SINCIH		CC_BY_NC_4_0		Grupo Microorganismos SINCHI			2021-09-23T22:03:48.624Z		TAXON_MATCH_FUZZY;COLLECTION_MATCH_NONE;INSTITUTION_MATCH_FUZZY
1586030979	d4f4481a-03e0-46d4-a712-610fc721749a	BCCM:LMG:27396:	Bacteria	Proteobacteria	Gammaproteobacteria	Enterobacterales	Enterobacteriaceae	Lonsdalea	Lonsdalea quercina	populi	SUBSPECIES	Lonsdalea quercina subsp. populi Tóth et al., 2013	"""Lonsdalea quercina subsp. populi Tóth, Lakatos and Koltay"""		HU	Nyarsapat		PRESENT		a5c9b60f-8603-43c5-adf9-c2b2b8cbe95f													7928867	7616133	LIVING_SPECIMEN	BCCM	LMG	27396				CC_BY_4_0					2021-09-23T23:54:44.751Z		DIFFERENT_OWNER_INSTITUTION
1586030930	d4f4481a-03e0-46d4-a712-610fc721749a	BCCM:LMG:27397:	Bacteria	Proteobacteria	Gammaproteobacteria	Enterobacterales	Enterobacteriaceae	Lonsdalea	Lonsdalea quercina	populi	SUBSPECIES	Lonsdalea quercina subsp. populi Tóth et al., 2013	"""Lonsdalea quercina subsp. populi Tóth, Lakatos and Koltay"""		HU	Szentkiraly		PRESENT		a5c9b60f-8603-43c5-adf9-c2b2b8cbe95f													7928867	7616133	LIVING_SPECIMEN	BCCM	LMG	27397				CC_BY_4_0					2021-09-23T23:54:44.801Z		DIFFERENT_OWNER_INSTITUTION
1586030900	d4f4481a-03e0-46d4-a712-610fc721749a	BCCM:LMG:27349:	Bacteria	Proteobacteria	Gammaproteobacteria	Enterobacterales	Enterobacteriaceae	Lonsdalea	Lonsdalea quercina	populi	SUBSPECIES	Lonsdalea quercina subsp. populi Tóth et al., 2013	"""Lonsdalea quercina subsp. populi Tóth, Lakatos and Koltay"""		HU	Mikebuda		PRESENT		a5c9b60f-8603-43c5-adf9-c2b2b8cbe95f													7928867	7616133	LIVING_SPECIMEN	BCCM	LMG	27349				CC_BY_4_0					2021-09-23T23:54:44.748Z		TYPE_STATUS_INVALID;DIFFERENT_OWNER_INSTITUTION
1586030449	d4f4481a-03e0-46d4-a712-610fc721749a	BCCM:LMG:26269:	Bacteria	Proteobacteria	Gammaproteobacteria	Enterobacterales	Enterobacteriaceae	Lonsdalea	Lonsdalea quercina	britannica	SUBSPECIES	Lonsdalea quercina subsp. britannica Brady et al., 2012	Lonsdalea quercina subsp. britannica Brady, Cleenwerck, Denman, Venter, Rodríguez-Palenzuela, Coutinho and De Vos 2012 VP		GB	Gorse Covert		PRESENT		a5c9b60f-8603-43c5-adf9-c2b2b8cbe95f													7427301	7616133	LIVING_SPECIMEN	BCCM	LMG	26269				CC_BY_4_0					2021-09-23T23:54:45.300Z		DIFFERENT_OWNER_INSTITUTION
1586030351	d4f4481a-03e0-46d4-a712-610fc721749a	BCCM:LMG:26267:	Bacteria	Proteobacteria	Gammaproteobacteria	Enterobacterales	Enterobacteriaceae	Lonsdalea	Lonsdalea quercina	britannica	SUBSPECIES	Lonsdalea quercina subsp. britannica Brady et al., 2012	Lonsdalea quercina subsp. britannica Brady, Cleenwerck, Denman, Venter, Rodríguez-Palenzuela, Coutinho and De Vos 2012 VP		GB	Booth Wood		PRESENT		a5c9b60f-8603-43c5-adf9-c2b2b8cbe95f													7427301	7616133	LIVING_SPECIMEN	BCCM	LMG	26267				CC_BY_4_0					2021-09-23T23:54:45.476Z		TYPE_STATUS_INVALID;DIFFERENT_OWNER_INSTITUTION
1586030332	d4f4481a-03e0-46d4-a712-610fc721749a	BCCM:LMG:26264:	Bacteria	Proteobacteria	Gammaproteobacteria	Enterobacterales	Enterobacteriaceae	Lonsdalea	Lonsdalea quercina	iberica	SUBSPECIES	Lonsdalea quercina subsp. iberica Brady et al., 2012	Lonsdalea quercina subsp. iberica Brady, Cleenwerck, Denman, Venter, Rodríguez-Palenzuela, Coutinho and De Vos 2012 VP		ES	Madrid		PRESENT		a5c9b60f-8603-43c5-adf9-c2b2b8cbe95f													8080896	7616133	LIVING_SPECIMEN	BCCM	LMG	26264				CC_BY_4_0					2021-09-23T23:54:45.439Z		TYPE_STATUS_INVALID;DIFFERENT_OWNER_INSTITUTION
1586030324	d4f4481a-03e0-46d4-a712-610fc721749a	BCCM:LMG:26266:	Bacteria	Proteobacteria	Gammaproteobacteria	Enterobacterales	Enterobacteriaceae	Lonsdalea	Lonsdalea quercina	iberica	SUBSPECIES	Lonsdalea quercina subsp. iberica Brady et al., 2012	Lonsdalea quercina subsp. iberica Brady, Cleenwerck, Denman, Venter, Rodríguez-Palenzuela, Coutinho and De Vos 2012 VP		ES	Madrid		PRESENT		a5c9b60f-8603-43c5-adf9-c2b2b8cbe95f													8080896	7616133	LIVING_SPECIMEN	BCCM	LMG	26266				CC_BY_4_0					2021-09-23T23:54:45.449Z		DIFFERENT_OWNER_INSTITUTION
1586030308	d4f4481a-03e0-46d4-a712-610fc721749a	BCCM:LMG:26268:	Bacteria	Proteobacteria	Gammaproteobacteria	Enterobacterales	Enterobacteriaceae	Lonsdalea	Lonsdalea quercina	britannica	SUBSPECIES	Lonsdalea quercina subsp. britannica Brady et al., 2012	Lonsdalea quercina subsp. britannica Brady, Cleenwerck, Denman, Venter, Rodríguez-Palenzuela, Coutinho and De Vos 2012 VP		GB	Booth Wood		PRESENT		a5c9b60f-8603-43c5-adf9-c2b2b8cbe95f													7427301	7616133	LIVING_SPECIMEN	BCCM	LMG	26268				CC_BY_4_0					2021-09-23T23:54:45.457Z		DIFFERENT_OWNER_INSTITUTION
1586030287	d4f4481a-03e0-46d4-a712-610fc721749a	BCCM:LMG:26265:	Bacteria	Proteobacteria	Gammaproteobacteria	Enterobacterales	Enterobacteriaceae	Lonsdalea	Lonsdalea quercina	iberica	SUBSPECIES	Lonsdalea quercina subsp. iberica Brady et al., 2012	Lonsdalea quercina subsp. iberica Brady, Cleenwerck, Denman, Venter, Rodríguez-Palenzuela, Coutinho and De Vos 2012 VP		ES	Madrid		PRESENT		a5c9b60f-8603-43c5-adf9-c2b2b8cbe95f													8080896	7616133	LIVING_SPECIMEN	BCCM	LMG	26265				CC_BY_4_0					2021-09-23T23:54:45.420Z		DIFFERENT_OWNER_INSTITUTION
1586018928	d4f4481a-03e0-46d4-a712-610fc721749a	BCCM:LMG:5950:	Bacteria	Proteobacteria	Gammaproteobacteria	Enterobacterales	Enterobacteriaceae	Lonsdalea	Lonsdalea quercina	quercina	SUBSPECIES	Lonsdalea quercina subsp. quercina	Lonsdalea quercina subsp. quercina Brady, Cleenwerck, Denman, Venter, Rodríguez-Palenzuela, Coutinho and De Vos 2012 VP					PRESENT		a5c9b60f-8603-43c5-adf9-c2b2b8cbe95f													8406662	7616133	LIVING_SPECIMEN	BCCM	LMG	5950				CC_BY_4_0					2021-09-23T23:54:44.868Z		DIFFERENT_OWNER_INSTITUTION
1586018909	d4f4481a-03e0-46d4-a712-610fc721749a	BCCM:LMG:6054:	Bacteria	Proteobacteria	Gammaproteobacteria	Enterobacterales	Enterobacteriaceae	Lonsdalea	Lonsdalea quercina	britannica	SUBSPECIES	Lonsdalea quercina subsp. britannica Brady et al., 2012	Lonsdalea quercina subsp. britannica Brady, Cleenwerck, Denman, Venter, Rodríguez-Palenzuela, Coutinho and De Vos 2012 VP		BE			PRESENT		a5c9b60f-8603-43c5-adf9-c2b2b8cbe95f													7427301	7616133	LIVING_SPECIMEN	BCCM	LMG	6054				CC_BY_4_0					2021-09-23T23:54:44.853Z		DIFFERENT_OWNER_INSTITUTION
1586018876	d4f4481a-03e0-46d4-a712-610fc721749a	BCCM:LMG:5951:	Bacteria	Proteobacteria	Gammaproteobacteria	Enterobacterales	Enterobacteriaceae	Lonsdalea	Lonsdalea quercina	quercina	SUBSPECIES	Lonsdalea quercina subsp. quercina	Lonsdalea quercina subsp. quercina Brady, Cleenwerck, Denman, Venter, Rodríguez-Palenzuela, Coutinho and De Vos 2012 VP					PRESENT		a5c9b60f-8603-43c5-adf9-c2b2b8cbe95f													8406662	7616133	LIVING_SPECIMEN	BCCM	LMG	5951				CC_BY_4_0					2021-09-23T23:54:45.360Z		DIFFERENT_OWNER_INSTITUTION
1586018805	d4f4481a-03e0-46d4-a712-610fc721749a	BCCM:LMG:5952:	Bacteria	Proteobacteria	Gammaproteobacteria	Enterobacterales	Enterobacteriaceae	Lonsdalea	Lonsdalea quercina	quercina	SUBSPECIES	Lonsdalea quercina subsp. quercina	Lonsdalea quercina subsp. quercina Brady, Cleenwerck, Denman, Venter, Rodríguez-Palenzuela, Coutinho and De Vos 2012 VP					PRESENT		a5c9b60f-8603-43c5-adf9-c2b2b8cbe95f													8406662	7616133	LIVING_SPECIMEN	BCCM	LMG	5952				CC_BY_4_0					2021-09-23T23:54:45.377Z		DIFFERENT_OWNER_INSTITUTION
1586018343	d4f4481a-03e0-46d4-a712-610fc721749a	BCCM:LMG:5277:	Bacteria	Proteobacteria	Gammaproteobacteria	Enterobacterales	Enterobacteriaceae	Lonsdalea	Lonsdalea quercina	quercina	SUBSPECIES	Lonsdalea quercina subsp. quercina	Lonsdalea quercina subsp. quercina Brady, Cleenwerck, Denman, Venter, Rodríguez-Palenzuela, Coutinho and De Vos 2012 VP					PRESENT		a5c9b60f-8603-43c5-adf9-c2b2b8cbe95f													8406662	7616133	LIVING_SPECIMEN	BCCM	LMG	5277				CC_BY_4_0					2021-09-23T23:54:45.078Z		DIFFERENT_OWNER_INSTITUTION
1586016882	d4f4481a-03e0-46d4-a712-610fc721749a	BCCM:LMG:2724:	Bacteria	Proteobacteria	Gammaproteobacteria	Enterobacterales	Enterobacteriaceae	Lonsdalea	Lonsdalea quercina	quercina	SUBSPECIES	Lonsdalea quercina subsp. quercina	Lonsdalea quercina subsp. quercina Brady, Cleenwerck, Denman, Venter, Rodríguez-Palenzuela, Coutinho and De Vos 2012 VP		US			PRESENT		a5c9b60f-8603-43c5-adf9-c2b2b8cbe95f													8406662	7616133	LIVING_SPECIMEN	BCCM	LMG	2724				CC_BY_4_0					2021-09-23T23:54:45.066Z		TYPE_STATUS_INVALID;DIFFERENT_OWNER_INSTITUTION
1586016879	d4f4481a-03e0-46d4-a712-610fc721749a	BCCM:LMG:2725:	Bacteria	Proteobacteria	Gammaproteobacteria	Enterobacterales	Enterobacteriaceae	Lonsdalea	Lonsdalea quercina	quercina	SUBSPECIES	Lonsdalea quercina subsp. quercina	Lonsdalea quercina subsp. quercina Brady, Cleenwerck, Denman, Venter, Rodríguez-Palenzuela, Coutinho and De Vos 2012 VP		US			PRESENT		a5c9b60f-8603-43c5-adf9-c2b2b8cbe95f													8406662	7616133	LIVING_SPECIMEN	BCCM	LMG	2725				CC_BY_4_0					2021-09-23T23:54:45.064Z		DIFFERENT_OWNER_INSTITUTION
1315972612	3c6e7390-3b56-11dc-8c19-b8a03c50a862	E01221E4-DCD5-4131-9BEB-80C01A13B975	Bacteria	Proteobacteria	Gammaproteobacteria	Enterobacterales	Enterobacteriaceae	Lonsdalea	Lonsdalea quercina	quercina	SUBSPECIES	Lonsdalea quercina subsp. quercina	Lonsdalea quercina (Hildebrand & Schroth 1967) Brady et al. subsp. quercina		US			PRESENT		6b2f029b-7823-4b84-9c30-31ff364238fe									1964-01-01T00:00:00		1	1964	8406662	7616133	LIVING_SPECIMEN	ICMP	ICMP	ICMP 1845		B.S. Weir	2012-11-29T00:00:00	CC_BY_4_0	Landcare Research NZ Ltd.	Hildebrand, DC;			2021-11-08T03:07:44.990Z		TYPE_STATUS_INVALID;INSTITUTION_MATCH_FUZZY;INSTITUTION_COLLECTION_MISMATCH
1315970004	3c6e7390-3b56-11dc-8c19-b8a03c50a862	BA6F14D7-BA66-4BFE-849D-2DD85B8B7B6E	Bacteria	Proteobacteria	Gammaproteobacteria	Enterobacterales	Enterobacteriaceae	Lonsdalea	Lonsdalea quercina		SPECIES	Erwinia quercina Hildebrand & Schroth, 1967	Erwinia quercina Hildebrand & Schroth		US			PRESENT		6b2f029b-7823-4b84-9c30-31ff364238fe									1963-01-01T00:00:00		1	1963	3221936	7616133	LIVING_SPECIMEN	ICMP	ICMP	ICMP 1846				CC_BY_4_0	Landcare Research NZ Ltd.	Hildebrand, DC;			2021-11-08T03:07:45.567Z		INSTITUTION_MATCH_FUZZY;INSTITUTION_COLLECTION_MISMATCH
986379092	f03cf033-66d8-4562-bace-f0417532c110	1.8094	Bacteria	Proteobacteria	Gammaproteobacteria	Enterobacterales	Enterobacteriaceae	Lonsdalea	Lonsdalea quercina		SPECIES	Brenneria quercina (Hildebrand & Schroth, 1967) Hauben et al., 1999	Brenneria quercina					PRESENT		30d2bd90-12aa-11dc-80c8-b8a03c50a862													3221935	7616133	UNKNOWN	Centre de Ressources Biologiques de l Institut Pasteur	CRBIP	105201		1997, CFBP <- D. Hildebrand: strain 1		CC_BY_4_0					2021-09-24T02:01:05.165Z		
931102195	bb2584cf-bfcb-4806-a873-ba15b005048f	CFBP_6527	Bacteria	Proteobacteria	Gammaproteobacteria	Enterobacterales	Enterobacteriaceae	Lonsdalea	Lonsdalea quercina		SPECIES	Brenneria quercina (Hildebrand & Schroth, 1967) Hauben et al., 1999	Brenneria quercina		FR			PRESENT		7c4f3b54-fc4b-42f3-a664-3ca93d12e10f									2000-01-01T00:00:00			2000	3221935	7616133	UNKNOWN	INRA - Centre d'Angers		CFBP_6527		Milagros-Lopez M. IVIA2361-5a		CC_BY_4_0					2021-09-24T02:01:12.161Z		COUNTRY_MISMATCH
931102174	bb2584cf-bfcb-4806-a873-ba15b005048f	CFBP_6525	Bacteria	Proteobacteria	Gammaproteobacteria	Enterobacterales	Enterobacteriaceae	Lonsdalea	Lonsdalea quercina		SPECIES	Brenneria quercina (Hildebrand & Schroth, 1967) Hauben et al., 1999	Brenneria quercina		FR			PRESENT		7c4f3b54-fc4b-42f3-a664-3ca93d12e10f									1992-01-01T00:00:00			1992	3221935	7616133	UNKNOWN	INRA - Centre d'Angers		CFBP_6525		Milagros-Lopez M. IVIA1251-3a		CC_BY_4_0					2021-09-24T02:01:12.157Z		COUNTRY_MISMATCH
931101962	bb2584cf-bfcb-4806-a873-ba15b005048f	CFBP_6526	Bacteria	Proteobacteria	Gammaproteobacteria	Enterobacterales	Enterobacteriaceae	Lonsdalea	Lonsdalea quercina		SPECIES	Brenneria quercina (Hildebrand & Schroth, 1967) Hauben et al., 1999	Brenneria quercina		FR			PRESENT		7c4f3b54-fc4b-42f3-a664-3ca93d12e10f									1998-01-01T00:00:00			1998	3221935	7616133	UNKNOWN	INRA - Centre d'Angers		CFBP_6526		Milagros-Lopez M. IVIA1988-2b		CC_BY_4_0					2021-09-24T02:01:11.895Z		COUNTRY_MISMATCH
931099874	bb2584cf-bfcb-4806-a873-ba15b005048f	CFBP_3617	Bacteria	Proteobacteria	Gammaproteobacteria	Enterobacterales	Enterobacteriaceae	Lonsdalea	Lonsdalea quercina		SPECIES	Brenneria quercina (Hildebrand & Schroth, 1967) Hauben et al., 1999	Brenneria quercina		FR			PRESENT		7c4f3b54-fc4b-42f3-a664-3ca93d12e10f									1964-01-01T00:00:00			1964	3221935	7616133	UNKNOWN	INRA - Centre d'Angers	ICMP 1845, NCPPB_1852, ATCC _29281	CFBP_3617		Hildebrand D.C. 1		CC_BY_4_0					2021-09-24T02:01:11.994Z		COUNTRY_MISMATCH;TYPE_STATUS_INVALID
931099295	bb2584cf-bfcb-4806-a873-ba15b005048f	CFBP_4005	Bacteria	Proteobacteria	Gammaproteobacteria	Enterobacterales	Enterobacteriaceae	Lonsdalea	Lonsdalea quercina		SPECIES	Brenneria quercina (Hildebrand & Schroth, 1967) Hauben et al., 1999	Brenneria quercina		FR			PRESENT		7c4f3b54-fc4b-42f3-a664-3ca93d12e10f									1996-01-01T00:00:00			1996	3221935	7616133	UNKNOWN	INRA - Centre d'Angers		CFBP_4005		Lopez M.M. 1625ad		CC_BY_4_0					2021-09-24T02:01:11.960Z		COUNTRY_MISMATCH
931099271	bb2584cf-bfcb-4806-a873-ba15b005048f	CFBP_4004	Bacteria	Proteobacteria	Gammaproteobacteria	Enterobacterales	Enterobacteriaceae	Lonsdalea	Lonsdalea quercina		SPECIES	Brenneria quercina (Hildebrand & Schroth, 1967) Hauben et al., 1999	Brenneria quercina		FR			PRESENT		7c4f3b54-fc4b-42f3-a664-3ca93d12e10f									1996-01-01T00:00:00			1996	3221935	7616133	UNKNOWN	INRA - Centre d'Angers		CFBP_4004		Lopez M.M. 1618 a		CC_BY_4_0					2021-09-24T02:01:11.937Z		COUNTRY_MISMATCH
931099247	bb2584cf-bfcb-4806-a873-ba15b005048f	CFBP_4003	Bacteria	Proteobacteria	Gammaproteobacteria	Enterobacterales	Enterobacteriaceae	Lonsdalea	Lonsdalea quercina		SPECIES	Brenneria quercina (Hildebrand & Schroth, 1967) Hauben et al., 1999	Brenneria quercina		FR			PRESENT		7c4f3b54-fc4b-42f3-a664-3ca93d12e10f									1995-01-01T00:00:00			1995	3221935	7616133	UNKNOWN	INRA - Centre d'Angers		CFBP_4003		Lopez M.M. 1467 a		CC_BY_4_0					2021-09-24T02:01:11.879Z		COUNTRY_MISMATCH
931099229	bb2584cf-bfcb-4806-a873-ba15b005048f	CFBP_4002	Bacteria	Proteobacteria	Gammaproteobacteria	Enterobacterales	Enterobacteriaceae	Lonsdalea	Lonsdalea quercina		SPECIES	Brenneria quercina (Hildebrand & Schroth, 1967) Hauben et al., 1999	Brenneria quercina		FR			PRESENT		7c4f3b54-fc4b-42f3-a664-3ca93d12e10f									1995-01-01T00:00:00			1995	3221935	7616133	UNKNOWN	INRA - Centre d'Angers		CFBP_4002		Lopez M.M. 1442 2b		CC_BY_4_0					2021-09-24T02:01:11.877Z		COUNTRY_MISMATCH
931097506	bb2584cf-bfcb-4806-a873-ba15b005048f	CFBP_1266	Bacteria	Proteobacteria	Gammaproteobacteria	Enterobacterales	Enterobacteriaceae	Lonsdalea	Lonsdalea quercina		SPECIES	Brenneria quercina (Hildebrand & Schroth, 1967) Hauben et al., 1999	Brenneria quercina		FR			PRESENT		7c4f3b54-fc4b-42f3-a664-3ca93d12e10f													3221935	7616133	UNKNOWN	INRA - Centre d'Angers		CFBP_1266		Schroth M.N. Acc		CC_BY_4_0					2021-09-24T02:01:11.911Z		COUNTRY_MISMATCH
891783383	863efcc4-f762-11e1-a439-00145eb45e9a		Bacteria	Proteobacteria	Gammaproteobacteria	Enterobacterales	Enterobacteriaceae	Lonsdalea	Lonsdalea quercina	populi	SUBSPECIES	Lonsdalea quercina subsp. populi Tóth et al., 2013	Lonsdalea quercina subsp. populi Tóth et al. 2013	Tóth et al. 2013	HU	Szentkirály		PRESENT		463555b0-d081-11da-ae8f-b8a03c50a862													7928867	7616133	LIVING_SPECIMEN	DSMZ	Prokarya	DSM 25468				CC_BY_4_0					2021-09-24T05:55:43.257Z		COLLECTION_MATCH_NONE;INSTITUTION_MATCH_FUZZY
891783381	863efcc4-f762-11e1-a439-00145eb45e9a		Bacteria	Proteobacteria	Gammaproteobacteria	Enterobacterales	Enterobacteriaceae	Lonsdalea	Lonsdalea quercina	populi	SUBSPECIES	Lonsdalea quercina subsp. populi Tóth et al., 2013	Lonsdalea quercina subsp. populi Tóth et al. 2013	Tóth et al. 2013	HU	Nyársapát		PRESENT		463555b0-d081-11da-ae8f-b8a03c50a862													7928867	7616133	LIVING_SPECIMEN	DSMZ	Prokarya	DSM 25467				CC_BY_4_0					2021-09-24T05:55:43.258Z		COLLECTION_MATCH_NONE;INSTITUTION_MATCH_FUZZY
891783380	863efcc4-f762-11e1-a439-00145eb45e9a		Bacteria	Proteobacteria	Gammaproteobacteria	Enterobacterales	Enterobacteriaceae	Lonsdalea	Lonsdalea quercina	populi	SUBSPECIES	Lonsdalea quercina subsp. populi Tóth et al., 2013	Lonsdalea quercina subsp. populi Tóth et al. 2013	Tóth et al. 2013	HU	Mikebuda (19° 40' 17.2'' N, 47° 09' 43.6'' E)		PRESENT		463555b0-d081-11da-ae8f-b8a03c50a862	47.1621	19.6714											7928867	7616133	LIVING_SPECIMEN	DSMZ	Prokarya	DSM 25466				CC_BY_4_0			TYPE		2021-09-24T05:55:43.258Z		GEODETIC_DATUM_ASSUMED_WGS84;PRESUMED_SWAPPED_COORDINATE;COLLECTION_MATCH_NONE;INSTITUTION_MATCH_FUZZY
100278721	8323a4b8-f762-11e1-a439-00145eb45e9a		Bacteria	Proteobacteria	Gammaproteobacteria	Enterobacterales	Enterobacteriaceae	Lonsdalea	Lonsdalea quercina		SPECIES	Erwinia quercina Hildebrand & Schroth, 1967	Erwinia quercina					PRESENT		29817330-5d61-11d8-b9b2-b8a03c50a862									1964-01-01T00:00:00			1964	3221936	7616133	PRESERVED_SPECIMEN	CABI	IMI	356537				CC_BY_4_0					2021-09-23T22:51:46.763Z		INSTITUTION_MATCH_FUZZY;INSTITUTION_COLLECTION_MISMATCH
87809113	863efcc4-f762-11e1-a439-00145eb45e9a		Bacteria	Proteobacteria	Gammaproteobacteria	Enterobacterales	Enterobacteriaceae	Lonsdalea	Lonsdalea quercina	quercina	SUBSPECIES	Lonsdalea quercina subsp. quercina	Lonsdalea quercina subsp. quercina (Hildebrand and Schroth 1967) Brady et al. 2012	Brady et al. 2012	US			PRESENT		463555b0-d081-11da-ae8f-b8a03c50a862													8406662	7616133	LIVING_SPECIMEN	DSMZ	Prokarya	DSM 4561				CC_BY_4_0			TYPE		2021-09-24T05:55:42.164Z		COLLECTION_MATCH_NONE;INSTITUTION_MATCH_FUZZY
57105045	855abc6c-f762-11e1-a439-00145eb45e9a		Bacteria	Proteobacteria	Gammaproteobacteria	Enterobacterales	Enterobacteriaceae	Lonsdalea	Lonsdalea quercina		SPECIES	Erwinia quercina Hildebrand & Schroth, 1967	Erwinia quercina					PRESENT		8273e420-46f3-11d8-aa2e-b8a03c50a862													3221936	7616133	UNKNOWN	DSMZ	Bacteria	2532				CC_BY_4_0					2021-09-24T06:09:17.636Z		BASIS_OF_RECORD_INVALID
57103588	855abc6c-f762-11e1-a439-00145eb45e9a		Bacteria	Proteobacteria	Gammaproteobacteria	Enterobacterales	Enterobacteriaceae	Lonsdalea	Lonsdalea quercina		SPECIES	Brenneria quercina (Hildebrand & Schroth, 1967) Hauben et al., 1999	Brenneria quercina					PRESENT		8273e420-46f3-11d8-aa2e-b8a03c50a862													3221935	7616133	UNKNOWN	DSMZ	Bacteria	13530				CC_BY_4_0					2021-09-24T06:09:17.914Z		BASIS_OF_RECORD_INVALID
57049384	855199ca-f762-11e1-a439-00145eb45e9a		Bacteria	Proteobacteria	Gammaproteobacteria	Enterobacterales	Enterobacteriaceae	Lonsdalea	Lonsdalea quercina		SPECIES	Erwinia quercina Hildebrand & Schroth, 1967	Erwinia quercina					PRESENT		8273e420-46f3-11d8-aa2e-b8a03c50a862													3221936	7616133	UNKNOWN	ATCC	Bacteria	2532				CC_BY_4_0					2021-09-24T06:09:04.515Z		BASIS_OF_RECORD_INVALID
42461321	832282e0-f762-11e1-a439-00145eb45e9a		Bacteria	Proteobacteria	Gammaproteobacteria	Enterobacterales	Enterobacteriaceae	Lonsdalea	Lonsdalea quercina		SPECIES	Erwinia quercina Hildebrand & Schroth, 1967	Erwinia quercina		US			PRESENT		29817330-5d61-11d8-b9b2-b8a03c50a862													3221936	7616133	LIVING_SPECIMEN	CABI	CABI-GRC	356537		J. Smith		CC_BY_4_0					2021-09-24T05:58:49.886Z		COLLECTION_MATCH_NONE;INSTITUTION_MATCH_FUZZY
